model,split,source,tp,fp,fn,precision,recall,f1
yolo,val,seth,7851,3872,7032,0.6697091188262391,0.5275146139891151,0.5901676313613471
yolo,val,tagus,7522,2727,2363,0.7339252610010732,0.7609509357612544,0.7471938015297506
yolo,val,xavier,6791,4722,4736,0.5898549465821246,0.5891385442873254,0.5894965277777777
yolo,val,ALL,22164,11321,14131,0.661908317156936,0.6106626257060201,0.6352536543422185
yolo,test,seth,7701,4168,8283,0.6488330946162272,0.48179429429429427,0.5529745449323233
yolo,test,tagus,768,289,100,0.7265846736045412,0.8847926267281107,0.797922077922078
yolo,test,xavier,682,1452,12960,0.31958762886597936,0.04999266969652544,0.0864604462474645
yolo,test,ALL,9151,5909,21343,0.6076361221779548,0.3000918213419033,0.4017649383149668
rtdetr,val,seth,8515,3891,6368,0.6863614380138643,0.5721292750117584,0.6240609769504196
rtdetr,val,tagus,7849,2307,2036,0.7728436392280426,0.7940313606474456,0.7832942467940722
rtdetr,val,xavier,7186,5244,4341,0.5781174577634755,0.6234059165437668,0.5999081688024377
rtdetr,val,ALL,23550,11442,12745,0.6730109739368999,0.6488497038159526,0.6607095262810891
rtdetr,test,seth,8231,4508,7753,0.6461260695502001,0.5149524524524525,0.5731295477491906
rtdetr,test,tagus,777,220,91,0.7793380140421263,0.8951612903225806,0.8332439678284181
rtdetr,test,xavier,628,1598,13014,0.2821203953279425,0.04603430582026096,0.07915301235190321
rtdetr,test,ALL,9636,6326,20858,0.6036837489036462,0.315996589493015,0.4148441536077148
