model,split,bin,n_gt,recall,approx_duration_s_min,approx_duration_s_max
yolo,val,"(0.149, 0.2]",10674,0.47264380738242456,0.15,0.2
yolo,val,"(0.2, 0.25]",5471,0.5702796563699506,0.201,0.25
yolo,val,"(0.25, 0.37]",5715,0.5760279965004375,0.251,0.37
yolo,val,"(0.37, 0.615]",7189,0.7295868688273751,0.371,0.615
yolo,val,"(0.615, 3.0]",7246,0.7537951973502622,0.616,3.0
yolo,test,"(0.149, 0.19]",6828,0.18292325717633276,0.15,0.19
yolo,test,"(0.19, 0.239]",5536,0.25036127167630057,0.191,0.239
yolo,test,"(0.239, 0.31]",6116,0.31916285153695223,0.24,0.31
yolo,test,"(0.31, 0.441]",5956,0.3262256548018805,0.311,0.441
yolo,test,"(0.441, 3.0]",6058,0.4326510399471773,0.442,3.0
rtdetr,val,"(0.149, 0.2]",10674,0.5025295109612141,0.15,0.2
rtdetr,val,"(0.2, 0.25]",5471,0.6121367208919759,0.201,0.25
rtdetr,val,"(0.25, 0.37]",5715,0.6129483814523184,0.251,0.37
rtdetr,val,"(0.37, 0.615]",7189,0.7638058144387259,0.371,0.615
rtdetr,val,"(0.615, 3.0]",7246,0.8063759315484406,0.616,3.0
rtdetr,test,"(0.149, 0.19]",6828,0.1934680726420621,0.15,0.19
rtdetr,test,"(0.19, 0.239]",5536,0.2546965317919075,0.191,0.239
rtdetr,test,"(0.239, 0.31]",6116,0.32831916285153695,0.24,0.31
rtdetr,test,"(0.31, 0.441]",5956,0.3341168569509738,0.311,0.441
rtdetr,test,"(0.441, 3.0]",6058,0.47986134037636186,0.442,3.0
