model,split,bin,n_gt,recall,bandwidth_hz_min,bandwidth_hz_max
yolo,val,"(7.199, 313.98]",7259,0.4365615098498416,7.200000000000003,313.90000000000003
yolo,val,"(313.98, 432.1]",7272,0.5763201320132013,314.0,432.09999999999997
yolo,val,"(432.1, 618.78]",7246,0.6520839083632349,432.1,618.7
yolo,val,"(618.78, 1200.0]",11935,0.6903225806451613,618.9,1200.0
yolo,val,"(1200.0, 1811.8]",2583,0.7123499806426635,1201.3,1811.8
yolo,test,"(53.099000000000004, 314.3]",6123,0.21639719091948392,53.10000000000002,314.3
yolo,test,"(314.3, 378.0]",6082,0.15702071686945085,314.4,378.0
yolo,test,"(378.0, 450.9]",6099,0.17724217084767996,378.1,450.9
yolo,test,"(450.9, 651.4]",6100,0.4131147540983607,450.90000000000003,651.4
yolo,test,"(651.4, 1990.8]",6090,0.5369458128078818,651.4000000000001,1990.8
rtdetr,val,"(7.199, 313.98]",7259,0.5123295219727235,7.200000000000003,313.90000000000003
rtdetr,val,"(313.98, 432.1]",7272,0.6322882288228823,314.0,432.09999999999997
rtdetr,val,"(432.1, 618.78]",7246,0.6817554512834667,432.1,618.7
rtdetr,val,"(618.78, 1200.0]",11935,0.7003770423125262,618.9,1200.0
rtdetr,val,"(1200.0, 1811.8]",2583,0.7487417731320171,1201.3,1811.8
rtdetr,test,"(53.099000000000004, 314.3]",6123,0.2505307855626327,53.10000000000002,314.3
rtdetr,test,"(314.3, 378.0]",6082,0.16622821440315685,314.4,378.0
rtdetr,test,"(378.0, 450.9]",6099,0.1882275782915232,378.1,450.9
rtdetr,test,"(450.9, 651.4]",6100,0.43721311475409835,450.90000000000003,651.4
rtdetr,test,"(651.4, 1990.8]",6090,0.5379310344827586,651.4000000000001,1990.8
